label, file_name
Faire coucou,video_20.avi
Faire coucou,video_21.avi
Faire coucou,video_22.avi
Faire coucou,video_23.avi
Explosion avec les doigts ouverts,video_24.avi
Explosion avec les doigts ouverts,video_25.avi
Explosion avec les doigts ouverts,video_26.avi
Explosion avec les doigts ouverts,video_27.avi
Prendre un element avec 2 doigts,video_28.avi
Prendre un element avec 2 doigts,video_29.avi
Prendre un element avec 2 doigts,video_30.avi
Prendre un element avec 2 doigts,video_31.avi
Ouvrir un livre avec le poing ferme main D,video_33.avi
Ouvrir un livre avec le poing ferme main G,video_34.avi
Ouvrir un livre avec le poing ferme main G,video_35.avi
Ouvre le poing,video_36.avi
Ouvre le poing,video_37.avi
Ouvre le poing,video_38.avi
Ouvre le poing,video_39.avi
Ferme le poing,video_40.avi
Ferme le poing,video_41.avi
Ferme le poing,video_42.avi
Ferme le poing,video_43.avi
Clap,video_44.avi
Clap,video_45.avi
Clap,video_46.avi
Clap,video_47.avi
Swipe gauche main gauche,video_48.avi
Swipe gauche main gauche,video_49.avi
Swipe gauche main gauche,video_50.avi
Swipe gauche main gauche,video_51.avi
Swipe droit main droite,video_52.avi
Swipe droit main gauche,video_53.avi
Swipe droit main gauche,video_54.avi
Swipe droit main gauche,video_55.avi
Doigts croises paumes,video_56.avi
Doigts croises paumes,video_57.avi
Doigts croises paumes,video_58.avi
Doigts croises paumes,video_59.avi
Faire coucou,video_60.avi
Faire coucou,video_61.avi
Ferme le poing,video_62.avi
Ouvre le poing,video_63.avi
Ouvre le poing,video_64.avi
Clap,video_65.avi
Clap,video_66.avi
Swipe gauche main droite,video_67.avi
Swipe gauche main droite,video_68.avi
Swipe droit main gauche,video_69.avi
Swipe droit main gauche,video_70.avi
Doigts croises paumes,video_71.avi
Doigts croises paumes,video_72.avi
Faire coucou,video_73.avi
Faire coucou,video_74.avi
Explosion avec les doigts ouverts,video_75.avi
Explosion avec les doigts ouverts,video_76.avi
Prendre un element avec 2 doigts,video_77.avi
Prendre un element avec 2 doigts,video_78.avi
Ouvrir un livre avec le poing ferme main D,video_79.avi
Ouvrir un livre avec le poing ferme main D,video_80.avi
Ferme le poing,video_81.avi
Ferme le poing,video_82.avi
Ouvre le poing,video_83.avi
Ouvre le poing,video_84.avi
Clap,video_85.avi
Clap,video_86.avi
Swipe gauche main droite,video_87.avi
Swipe gauche main droite,video_88.avi
Swipe droit main gauche,video_89.avi
Swipe droit main gauche,video_90.avi
Explosion avec les doigts ouverts,video_93.avi
Explosion avec les doigts ouverts,video_94.avi
Prendre un element avec 2 doigts,video_95.avi
Prendre un element avec 2 doigts,video_96.avi
Ouvre le poing,video_100.avi
Clap,video_101.avi
Explosion avec les doigts ouverts,video_102.avi
Ferme le poing,video_103.avi
Ferme le poing,video_104.avi
Ferme le poing,video_105.avi
Ferme le poing,video_106.avi
Ferme le poing,video_107.avi
Ferme le poing,video_108.avi
Ferme le poing,video_109.avi
Ferme le poing,video_110.avi
Ferme le poing,video_111.avi
Ferme le poing,video_112.avi
Ferme le poing,video_113.avi
Ouvre le poing,video_114.avi
Ouvre le poing,video_115.avi
Ouvre le poing,video_116.avi
Ouvre le poing,video_117.avi
Ouvre le poing,video_118.avi
Ouvre le poing,video_119.avi
Ouvre le poing,video_120.avi
Ouvre le poing,video_121.avi
Ouvre le poing,video_122.avi
Ouvre le poing,video_123.avi
Ouvre le poing,video_124.avi
Ouvre le poing,video_125.avi
Ouvre le poing,video_126.avi
Ouvre le poing,video_127.avi
Ouvre le poing,video_128.avi
Ouvre le poing,video_129.avi
Ouvre le poing,video_130.avi
Ferme le poing,video_131.avi
Ferme le poing,video_132.avi
Ferme le poing,video_133.avi
Ferme le poing,video_134.avi
Ferme le poing,video_135.avi
Ferme le poing,video_136.avi
Ferme le poing,video_137.avi
Ferme le poing,video_138.avi
Clap,video_139.avi
Clap,video_141.avi
Clap,video_142.avi
Clap,video_143.avi
Clap,video_144.avi
Clap,video_145.avi
Clap,video_146.avi
Clap,video_147.avi
Clap,video_148.avi
Clap,video_149.avi
Clap,video_150.avi
Clap,video_151.avi
Clap,video_152.avi
Clap,video_153.avi
Clap,video_154.avi
Swipe gauche main droite,video_155.avi
Swipe gauche main droite,video_156.avi
Swipe gauche main droite,video_157.avi
Swipe gauche main droite,video_158.avi
Swipe gauche main droite,video_159.avi
Swipe gauche main droite,video_160.avi
Swipe gauche main droite,video_161.avi
Swipe gauche main droite,video_162.avi
Swipe gauche main droite,video_163.avi
Swipe gauche main droite,video_164.avi
Swipe gauche main droite,video_165.avi
Swipe gauche main droite,video_166.avi
Swipe gauche main droite,video_167.avi
Swipe gauche main droite,video_168.avi
Swipe gauche main droite,video_169.avi
Swipe gauche main droite,video_170.avi
Swipe gauche main droite,video_171.avi
Swipe droit main gauche,video_172.avi
Swipe droit main gauche,video_173.avi
Swipe droit main gauche,video_174.avi
Swipe droit main gauche,video_175.avi
Swipe droit main gauche,video_176.avi
Swipe droit main gauche,video_177.avi
Swipe droit main gauche,video_178.avi
Swipe droit main gauche,video_179.avi
Swipe droit main gauche,video_180.avi
Swipe droit main gauche,video_181.avi
Swipe droit main gauche,video_182.avi
Swipe droit main gauche,video_183.avi
Swipe droit main gauche,video_184.avi
Swipe droit main gauche,video_185.avi
Swipe droit main gauche,video_186.avi
Doigts croises paumes,video_187.avi
Doigts croises paumes,video_188.avi
Doigts croises paumes,video_189.avi
Doigts croises paumes,video_190.avi
Doigts croises paumes,video_191.avi
Doigts croises paumes,video_192.avi
Doigts croises paumes,video_193.avi
Doigts croises paumes,video_194.avi
Doigts croises paumes,video_195.avi
Doigts croises paumes,video_196.avi
Doigts croises paumes,video_197.avi
Doigts croises paumes,video_198.avi
Doigts croises paumes,video_199.avi
Doigts croises paumes,video_200.avi
Explosion avec les doigts ouverts,video_201.avi
Explosion avec les doigts ouverts,video_202.avi
Explosion avec les doigts ouverts,video_203.avi
Explosion avec les doigts ouverts,video_204.avi
Explosion avec les doigts ouverts,video_205.avi
Explosion avec les doigts ouverts,video_206.avi
Explosion avec les doigts ouverts,video_207.avi
Explosion avec les doigts ouverts,video_208.avi
Explosion avec les doigts ouverts,video_209.avi
Explosion avec les doigts ouverts,video_210.avi
Explosion avec les doigts ouverts,video_211.avi
Explosion avec les doigts ouverts,video_212.avi
Explosion avec les doigts ouverts,video_213.avi
Explosion avec les doigts ouverts,video_214.avi
Explosion avec les doigts ouverts,video_215.avi
Prendre un element avec 2 doigts,video_216.avi
Prendre un element avec 2 doigts,video_217.avi
Prendre un element avec 2 doigts,video_218.avi
Prendre un element avec 2 doigts,video_219.avi
Prendre un element avec 2 doigts,video_220.avi
Prendre un element avec 2 doigts,video_221.avi
Prendre un element avec 2 doigts,video_222.avi
Prendre un element avec 2 doigts,video_223.avi
Prendre un element avec 2 doigts,video_224.avi
Prendre un element avec 2 doigts,video_225.avi
Prendre un element avec 2 doigts,video_226.avi
Prendre un element avec 2 doigts,video_227.avi
Prendre un element avec 2 doigts,video_228.avi
Prendre un element avec 2 doigts,video_229.avi
Prendre un element avec 2 doigts,video_230.avi
Prendre un element avec 2 doigts,video_231.avi
Prendre un element avec 2 doigts,video_232.avi
Prendre un element avec 2 doigts,video_233.avi
Prendre un element avec 2 doigts,video_235.avi
Prendre un element avec 2 doigts,video_236.avi
Prendre un element avec 2 doigts,video_237.avi
Prendre un element avec 2 doigts,video_238.avi
Prendre un element avec 2 doigts,video_239.avi
Ouvrir un livre avec le poing ferme main D,video_240.avi
Ouvrir un livre avec le poing ferme main D,video_241.avi
Ouvrir un livre avec le poing ferme main D,video_242.avi
Ouvrir un livre avec le poing ferme main D,video_243.avi
Ouvrir un livre avec le poing ferme main G,video_244.avi
Ouvrir un livre avec le poing ferme main G,video_245.avi
Ouvrir un livre avec le poing ferme main G,video_246.avi
Ouvrir un livre avec le poing ferme main G,video_247.avi
Ouvrir un livre avec le poing ferme main D,video_248.avi
Ouvrir un livre avec le poing ferme main G,video_249.avi
Ouvrir un livre avec le poing ferme main G,video_250.avi
Ouvrir un livre avec le poing ferme main G,video_251.avi
Ouvrir un livre avec le poing ferme main D,video_252.avi
Ouvrir un livre avec le poing ferme main D,video_253.avi
Ouvrir un livre avec le poing ferme main D,video_254.avi
Ouvrir un livre avec le poing ferme main D,video_255.avi
Ouvrir un livre avec le poing ferme main D,video_256.avi
Ouvrir un livre avec le poing ferme main G,video_257.avi
Ouvrir un livre avec le poing ferme main G,video_258.avi
Ouvrir un livre avec le poing ferme main G,video_259.avi
Faire coucou,video_260.avi
Faire coucou,video_261.avi
Faire coucou,video_262.avi
Faire coucou,video_263.avi
Faire coucou,video_264.avi
Faire coucou,video_265.avi
Faire coucou,video_266.avi
Faire coucou,video_267.avi
Faire coucou,video_268.avi
Faire coucou,video_269.avi
Faire coucou,video_270.avi
Faire coucou,video_271.avi
Faire coucou,video_272.avi
Faire coucou,video_273.avi
Faire coucou,video_274.avi
Ouvre le poing,video_275.avi
Ferme le poing,video_276.avi
Ferme le poing,video_277.avi
Ferme le poing,video_1278.avi
Ferme le poing,video_1279.avi
Ouvre le poing,video_1280.avi
Ouvre le poing,video_1281.avi
Ouvre le poing,video_1282.avi
Ouvre le poing,video_1283.avi
Clap,video_1284.avi
Clap,video_1285.avi
Clap,video_1286.avi
Clap,video_1287.avi
Swipe gauche main droite,video_1288.avi
Swipe gauche main droite,video_1289.avi
Swipe gauche main droite,video_1290.avi
Swipe gauche main droite,video_1291.avi
Swipe droit main gauche,video_1292.avi
Swipe droit main gauche,video_1293.avi
Swipe droit main gauche,video_1294.avi
Swipe droit main gauche,video_1295.avi
Doigts croises paumes,video_1296.avi
Doigts croises paumes,video_1297.avi
Doigts croises paumes,video_1298.avi
Doigts croises paumes,video_1299.avi
Explosion avec les doigts ouverts,video_1300.avi
Explosion avec les doigts ouverts,video_1301.avi
Explosion avec les doigts ouverts,video_1302.avi
Explosion avec les doigts ouverts,video_1303.avi
Ouvrir un livre avec le poing ferme main D,video_1304.avi
Ouvrir un livre avec le poing ferme main D,video_1305.avi
Ouvrir un livre avec le poing ferme main D,video_1306.avi
Ouvrir un livre avec le poing ferme main D,video_1307.avi
Faire coucou,video_1308.avi
Faire coucou,video_1309.avi
Faire coucou,video_1310.avi
Faire coucou,video_1311.avi
Ouvre le poing,video_278.avi
Ouvre le poing,video_279.avi
Clap,video_280.avi
Clap,video_281.avi
Clap,video_282.avi
Swipe gauche main droite,video_283.avi
Swipe gauche main droite,video_284.avi
Swipe gauche main droite,video_285.avi
Swipe droit main gauche,video_286.avi
Swipe droit main gauche,video_287.avi
Swipe droit main gauche,video_288.avi
Doigts croises paumes,video_289.avi
Doigts croises paumes,video_290.avi
Doigts croises paumes,video_291.avi
Explosion avec les doigts ouverts,video_292.avi
Explosion avec les doigts ouverts,video_293.avi
Explosion avec les doigts ouverts,video_294.avi
Prendre un element avec 2 doigts,video_295.avi
Prendre un element avec 2 doigts,video_296.avi
Prendre un element avec 2 doigts,video_297.avi
Ouvrir un livre avec le poing ferme main D,video_298.avi
Ouvrir un livre avec le poing ferme main D,video_299.avi
Ouvrir un livre avec le poing ferme main D,video_300.avi
Ouvrir un livre avec le poing ferme main G,video_301.avi
Ouvrir un livre avec le poing ferme main G,video_302.avi
Ouvrir un livre avec le poing ferme main G,video_303.avi
Faire coucou,video_304.avi
Faire coucou,video_305.avi
Faire coucou,video_306.avi
Faire coucou,video_307.avi
Ferme le poing,video_308.avi
Ferme le poing,video_309.avi
Ferme le poing,video_310.avi
Ouvre le poing,video_311.avi
Ouvre le poing,video_312.avi
Ouvre le poing,video_313.avi
Ouvre le poing,video_314.avi
Clap,video_315.avi
Clap,video_316.avi
Clap,video_317.avi
Swipe gauche main droite,video_318.avi
Swipe gauche main droite,video_319.avi
Swipe gauche main droite,video_320.avi
Swipe droit main gauche,video_321.avi
Swipe droit main gauche,video_322.avi
Swipe droit main gauche,video_323.avi
Doigts croises paumes,video_324.avi
Doigts croises paumes,video_325.avi
Doigts croises paumes,video_326.avi
Explosion avec les doigts ouverts,video_327.avi
Explosion avec les doigts ouverts,video_328.avi
Explosion avec les doigts ouverts,video_329.avi
Prendre un element avec 2 doigts,video_330.avi
Prendre un element avec 2 doigts,video_331.avi
Prendre un element avec 2 doigts,video_332.avi
Ouvrir un livre avec le poing ferme main D,video_333.avi
Ouvrir un livre avec le poing ferme main D,video_334.avi
Ouvrir un livre avec le poing ferme main D,video_335.avi
Ouvrir un livre avec le poing ferme main G,video_336.avi
Ouvrir un livre avec le poing ferme main G,video_337.avi
Ouvrir un livre avec le poing ferme main G,video_338.avi
Faire coucou,video_339.avi
Faire coucou,video_340.avi
Faire coucou,video_341.avi
Ferme le poing,video_344.avi
Ferme le poing,video_345.avi
Ferme le poing,video_346.avi
Ferme le poing,video_347.avi
Ferme le poing,video_348.avi
Ferme le poing,video_349.avi
Ouvre le poing,video_350.avi
Ouvre le poing,video_351.avi
Ouvre le poing,video_352.avi
Ouvre le poing,video_353.avi
Ouvre le poing,video_354.avi
Clap,video_356.avi
Clap,video_357.avi
Clap,video_358.avi
Clap,video_359.avi
Clap,video_360.avi
Swipe gauche main droite,video_361.avi
Swipe gauche main droite,video_362.avi
Swipe gauche main droite,video_363.avi
Swipe droit main gauche,video_364.avi
Swipe droit main gauche,video_365.avi
Swipe droit main gauche,video_366.avi
Doigts croises paumes,video_367.avi
Doigts croises paumes,video_368.avi
Doigts croises paumes,video_369.avi
Doigts croises paumes,video_370.avi
Explosion avec les doigts ouverts,video_371.avi
Explosion avec les doigts ouverts,video_372.avi
Explosion avec les doigts ouverts,video_373.avi
Explosion avec les doigts ouverts,video_374.avi
Prendre un element avec 2 doigts,video_375.avi
Prendre un element avec 2 doigts,video_376.avi
Prendre un element avec 2 doigts,video_377.avi
Ouvrir un livre avec le poing ferme main D,video_378.avi
Ouvrir un livre avec le poing ferme main D,video_379.avi
Ouvrir un livre avec le poing ferme main D,video_380.avi
Ouvrir un livre avec le poing ferme main D,video_381.avi
Ouvrir un livre avec le poing ferme main D,video_382.avi
Ouvrir un livre avec le poing ferme main G,video_383.avi
Ouvrir un livre avec le poing ferme main G,video_384.avi
Ouvrir un livre avec le poing ferme main G,video_385.avi
Ouvrir un livre avec le poing ferme main G,video_386.avi
Faire coucou,video_387.avi
Faire coucou,video_388.avi
Faire coucou,video_389.avi
Faire coucou,video_390.avi
Faire coucou,video_391.avi
Faire coucou,video_392.avi
Faire coucou,video_393.avi
Faire coucou,video_394.avi
Faire coucou,video_395.avi
Faire coucou,video_396.avi
Ferme le poing,video_397.avi
Ferme le poing,video_398.avi
Ferme le poing,video_399.avi
Ouvre le poing,video_400.avi
Ouvre le poing,video_401.avi
Ouvre le poing,video_402.avi
Clap,video_403.avi
Clap,video_404.avi
Clap,video_405.avi
Swipe gauche main droite,video_406.avi
Swipe gauche main droite,video_408.avi
Swipe droit main gauche,video_409.avi
Swipe droit main gauche,video_410.avi
Swipe droit main gauche,video_411.avi
Doigts croises paumes,video_412.avi
Doigts croises paumes,video_413.avi
Doigts croises paumes,video_414.avi
Explosion avec les doigts ouverts,video_415.avi
Explosion avec les doigts ouverts,video_416.avi
Explosion avec les doigts ouverts,video_417.avi
Prendre un element avec 2 doigts,video_418.avi
Prendre un element avec 2 doigts,video_419.avi
Prendre un element avec 2 doigts,video_420.avi
Ouvrir un livre avec le poing ferme main D,video_421.avi
Ouvrir un livre avec le poing ferme main D,video_422.avi
Ouvrir un livre avec le poing ferme main D,video_423.avi
Ouvrir un livre avec le poing ferme main G,video_424.avi
Ouvrir un livre avec le poing ferme main G,video_425.avi
Ouvrir un livre avec le poing ferme main G,video_426.avi
Faire coucou,video_427.avi
Faire coucou,video_428.avi
Faire coucou,video_429.avi
Faire coucou,video_431.avi
Faire coucou,video_432.avi
Doigts croises paumes,video_91.avi
Ouvrir un livre avec le poing ferme main G,video_98.avi
Faire coucou,video_430.avi
Swipe gauche main droite,video_407.avi
Doigts croises paumes,video_92.avi
Prendre un element avec 2 doigts,video_234.avi
Ouvrir un livre avec le poing ferme main D,video_32.avi
Ouvre le poing,video_355.avi
Faire coucou,video_343.avi
Clap,video_140.avi
Faire coucou,video_342.avi
Ouvrir un livre avec le poing ferme main G,video_97.avi
Ferme le poing,video_99.avi
Ferme le poing,video_433.avi
Ferme le poing,video_434.avi
Ferme le poing,video_435.avi
Ferme le poing,video_436.avi
Ferme le poing,video_437.avi
Ferme le poing,video_438.avi
Ouvre le poing,video_439.avi
Ouvre le poing,video_440.avi
Ouvre le poing,video_441.avi
Ouvre le poing,video_442.avi
Ouvre le poing,video_443.avi
Ouvre le poing,video_444.avi
Clap,video_445.avi
Clap,video_446.avi
Clap,video_447.avi
Clap,video_448.avi
Swipe gauche main droite,video_449.avi
Swipe gauche main droite,video_450.avi
Swipe gauche main droite,video_451.avi
Swipe gauche main droite,video_452.avi
Swipe droit main gauche,video_453.avi
Swipe droit main gauche,video_454.avi
Swipe droit main gauche,video_455.avi
Swipe droit main gauche,video_456.avi
Doigts croises paumes,video_457.avi
Doigts croises paumes,video_458.avi
Doigts croises paumes,video_459.avi
Doigts croises paumes,video_460.avi
Explosion avec les doigts ouverts,video_461.avi
Explosion avec les doigts ouverts,video_462.avi
Explosion avec les doigts ouverts,video_463.avi
Explosion avec les doigts ouverts,video_464.avi
Prendre un element avec 2 doigts,video_465.avi
Prendre un element avec 2 doigts,video_466.avi
Prendre un element avec 2 doigts,video_467.avi
Prendre un element avec 2 doigts,video_468.avi
Ouvrir un livre avec le poing ferme main D,video_469.avi
Ouvrir un livre avec le poing ferme main D,video_470.avi
Ouvrir un livre avec le poing ferme main D,video_471.avi
Ouvrir un livre avec le poing ferme main D,video_472.avi
Ouvrir un livre avec le poing ferme main G,video_473.avi
Ouvrir un livre avec le poing ferme main G,video_474.avi
Ouvrir un livre avec le poing ferme main G,video_475.avi
Ouvrir un livre avec le poing ferme main G,video_476.avi
Faire coucou,video_477.avi
Faire coucou,video_478.avi
Faire coucou,video_479.avi
Faire coucou,video_480.avi
Faire coucou,video_481.avi
Faire coucou,video_482.avi
Faire coucou,video_483.avi
Faire coucou,video_484.avi

Ferme le poing,video_1312.avi
Ferme le poing,video_1313.avi

Ferme le poing,video_1314.avi
Ferme le poing,video_1315.avi
Ouvre le poing,video_1316.avi
Ouvre le poing,video_1317.avi
Ouvre le poing,video_1318.avi
Ouvre le poing,video_1319.avi

Clap,video_1320.avi
Clap,video_1321.avi
Clap,video_1322.avi
Clap,video_1323.avi
Swipe gauche main droite,video_1324.avi
Swipe gauche main droite,video_1325.avi
Swipe gauche main droite,video_1326.avi
Swipe gauche main droite,video_1327.avi
Swipe droit main gauche,video_1328.avi
Swipe droit main gauche,video_1329.avi
Swipe droit main gauche,video_1330.avi
Swipe droit main gauche,video_1331.avi
Doigts croises paumes,video_1332.avi
Doigts croises paumes,video_1333.avi
Doigts croises paumes,video_1334.avi
Doigts croises paumes,video_1335.avi
Explosion avec les doigts ouverts,video_1336.avi
Explosion avec les doigts ouverts,video_1337.avi
Explosion avec les doigts ouverts,video_1338.avi
Explosion avec les doigts ouverts,video_1339.avi
Ouvrir un livre avec le poing ferme main D,video_1340.avi
Ouvrir un livre avec le poing ferme main D,video_1341.avi
Ouvrir un livre avec le poing ferme main D,video_1342.avi
Ouvrir un livre avec le poing ferme main D,video_1343.avi
Ouvrir un livre avec le poing ferme main G,video_1344.avi
Ouvrir un livre avec le poing ferme main G,video_1345.avi
Ouvrir un livre avec le poing ferme main G,video_1346.avi
Ouvrir un livre avec le poing ferme main G,video_1347.avi
Faire coucou,video_1348.avi
Faire coucou,video_1349.avi
Ferme le poing,video_1350.avi
Ferme le poing,video_1351.avi
Ferme le poing,video_1352.avi
Ferme le poing,video_1353.avi
Ouvre le poing,video_1354.avi
Ouvre le poing,video_1355.avi
Ouvre le poing,video_1356.avi
Ouvre le poing,video_1357.avi
Clap,video_1358.avi
Clap,video_1359.avi
Clap,video_1360.avi
Swipe gauche main droite,video_1361.avi
Swipe gauche main droite,video_1362.avi
Swipe gauche main droite,video_1363.avi
Swipe gauche main droite,video_1364.avi
Swipe droit main gauche,video_1365.avi
Swipe droit main gauche,video_1366.avi
Swipe droit main gauche,video_1367.avi
Swipe droit main gauche,video_1368.avi
Doigts croises paumes,video_1369.avi
Doigts croises paumes,video_1370.avi
Doigts croises paumes,video_1371.avi
Doigts croises paumes,video_1372.avi
Explosion avec les doigts ouverts,video_1373.avi
Explosion avec les doigts ouverts,video_1374.avi
Explosion avec les doigts ouverts,video_1375.avi
Explosion avec les doigts ouverts,video_1376.avi
Ouvrir un livre avec le poing ferme main D,video_1377.avi
Ouvrir un livre avec le poing ferme main D,video_1378.avi
Ouvrir un livre avec le poing ferme main D,video_1379.avi
Ouvrir un livre avec le poing ferme main D,video_1380.avi
Ouvrir un livre avec le poing ferme main G,video_1381.avi
Ouvrir un livre avec le poing ferme main G,video_1382.avi
Ouvrir un livre avec le poing ferme main G,video_1383.avi
Ouvrir un livre avec le poing ferme main G,video_1384.avi
Faire coucou,video_1385.avi
Faire coucou,video_1386.avi
Ferme le poing,video_1387.avi
Ferme le poing,video_1388.avi
Ferme le poing,video_1389.avi
Ferme le poing,video_1390.avi
Ferme le poing,video_1391.avi
Ferme le poing,video_1392.avi

Clap,video_1393.avi
Clap,video_1394.avi
Clap,video_1395.avi
Clap,video_1396.avi
Clap,video_1397.avi
Ouvre le poing,video_1398.avi
Ouvre le poing,video_1399.avi
Ouvre le poing,video_1400.avi
Ouvre le poing,video_1401.avi

Clap,video_1402.avi
Ferme le poing,video_1403.avi
Clap,video_1404.avi
Clap,video_1405.avi
Clap,video_1406.avi
Clap,video_1407.avi

Swipe gauche main droite,video_1408.avi
Swipe gauche main droite,video_1409.avi
Swipe gauche main droite,video_1410.avi
Swipe gauche main droite,video_1411.avi
Swipe gauche main droite,video_1412.avi
Swipe gauche main droite,video_1413.avi
Swipe gauche main droite,video_1414.avi
Swipe gauche main droite,video_1415.avi
Swipe gauche main droite,video_1416.avi
Swipe gauche main droite,video_1417.avi
Swipe gauche main droite,video_1418.avi
Swipe gauche main droite,video_1419.avi
Swipe gauche main droite,video_1420.avi
Swipe gauche main droite,video_1421.avi
Swipe gauche main droite,video_1422.avi
Swipe droit main gauche,video_1423.avi
Swipe droit main gauche,video_1424.avi
Swipe droit main gauche,video_1425.avi
Swipe droit main gauche,video_1426.avi
Swipe droit main gauche,video_1427.avi
Swipe droit main gauche,video_1428.avi
Swipe droit main gauche,video_1429.avi
Swipe droit main gauche,video_1430.avi
Swipe droit main gauche,video_1431.avi
Swipe droit main gauche,video_1432.avi
Swipe droit main gauche,video_1433.avi
Swipe droit main gauche,video_1434.avi
Swipe droit main gauche,video_1435.avi
Swipe droit main gauche,video_1436.avi
Doigts croises paumes,video_1437.avi
Doigts croises paumes,video_1438.avi
Doigts croises paumes,video_1439.avi
Doigts croises paumes,video_1440.avi
Doigts croises paumes,video_1441.avi
Doigts croises paumes,video_1442.avi
Doigts croises paumes,video_1443.avi
Doigts croises paumes,video_1444.avi
Doigts croises paumes,video_1445.avi
Doigts croises paumes,video_1446.avi
Doigts croises paumes,video_1447.avi
Doigts croises paumes,video_1448.avi
Doigts croises paumes,video_1449.avi
Explosion avec les doigts ouverts,video_1450.avi
Explosion avec les doigts ouverts,video_1451.avi
Explosion avec les doigts ouverts,video_1452.avi
Explosion avec les doigts ouverts,video_1453.avi
Explosion avec les doigts ouverts,video_1454.avi
Explosion avec les doigts ouverts,video_1455.avi
Explosion avec les doigts ouverts,video_1456.avi
Explosion avec les doigts ouverts,video_1457.avi
Explosion avec les doigts ouverts,video_1458.avi
Explosion avec les doigts ouverts,video_1459.avi
Explosion avec les doigts ouverts,video_1460.avi
Ouvrir un livre avec le poing ferme main D,video_1461.avi
Ouvrir un livre avec le poing ferme main D,video_1462.avi
Ouvrir un livre avec le poing ferme main D,video_1463.avi
Ouvrir un livre avec le poing ferme main D,video_1464.avi
Ouvrir un livre avec le poing ferme main D,video_1465.avi
Ouvrir un livre avec le poing ferme main D,video_1466.avi
Ouvrir un livre avec le poing ferme main D,video_1467.avi
Ouvrir un livre avec le poing ferme main D,video_1468.avi
Ouvrir un livre avec le poing ferme main D,video_1469.avi
Ouvrir un livre avec le poing ferme main D,video_1470.avi
Ouvrir un livre avec le poing ferme main D,video_1471.avi
Ouvrir un livre avec le poing ferme main D,video_1472.avi
Ouvrir un livre avec le poing ferme main D,video_1473.avi
Ouvrir un livre avec le poing ferme main D,video_1474.avi
Ouvrir un livre avec le poing ferme main D,video_1475.avi
Ouvrir un livre avec le poing ferme main D,video_1476.avi
Ouvrir un livre avec le poing ferme main D,video_1477.avi
Ouvrir un livre avec le poing ferme main D,video_1478.avi
Ouvrir un livre avec le poing ferme main D,video_1479.avi
Ouvrir un livre avec le poing ferme main D,video_1480.avi
Ouvrir un livre avec le poing ferme main G,video_1481.avi
Ouvrir un livre avec le poing ferme main G,video_1482.avi
Ouvrir un livre avec le poing ferme main G,video_1483.avi
Ouvrir un livre avec le poing ferme main G,video_1484.avi
Ouvrir un livre avec le poing ferme main G,video_1485.avi
Ouvrir un livre avec le poing ferme main G,video_1486.avi
Ouvrir un livre avec le poing ferme main G,video_1487.avi
Ouvrir un livre avec le poing ferme main G,video_1488.avi
Ouvrir un livre avec le poing ferme main G,video_1489.avi
Ouvrir un livre avec le poing ferme main G,video_1490.avi
Ouvrir un livre avec le poing ferme main G,video_1491.avi

Ouvrir un livre avec le poing ferme main G,video_1492.avi
Ouvrir un livre avec le poing ferme main G,video_1493.avi
Ouvrir un livre avec le poing ferme main G,video_1494.avi
Ouvrir un livre avec le poing ferme main G,video_1495.avi
Ouvrir un livre avec le poing ferme main G,video_1496.avi
Ouvrir un livre avec le poing ferme main G,video_1497.avi
Ouvrir un livre avec le poing ferme main G,video_1498.avi
Ouvrir un livre avec le poing ferme main G,video_1499.avi
Ouvrir un livre avec le poing ferme main G,video_1500.avi
Ouvrir un livre avec le poing ferme main G,video_1501.avi
Ouvrir un livre avec le poing ferme main G,video_1502.avi
Ouvrir un livre avec le poing ferme main G,video_1503.avi
Ouvrir un livre avec le poing ferme main G,video_1504.avi
Ouvrir un livre avec le poing ferme main G,video_1505.avi
Ferme le poing,video_1506.avi
Ferme le poing,video_1507.avi
Ferme le poing,video_1508.avi
Ferme le poing,video_1509.avi

Ferme le poing,video_1511.avi
Ferme le poing,video_1512.avi
Ferme le poing,video_1513.avi
Ferme le poing,video_1514.avi
Ferme le poing,video_1515.avi
Ferme le poing,video_1516.avi
Ferme le poing,video_1517.avi
Ferme le poing,video_1518.avi
Ferme le poing,video_1519.avi
Ferme le poing,video_1520.avi
Ferme le poing,video_1521.avi
Ferme le poing,video_1522.avi
Ouvre le poing,video_1523.avi
Ouvre le poing,video_1524.avi
Ouvre le poing,video_1525.avi
Ouvre le poing,video_1526.avi
Ouvre le poing,video_1527.avi
Ouvre le poing,video_1528.avi
Ouvre le poing,video_1529.avi
Ouvre le poing,video_1530.avi
Ouvre le poing,video_1531.avi
Ouvre le poing,video_1532.avi
Ouvre le poing,video_1533.avi
Ouvre le poing,video_1534.avi
Ouvre le poing,video_1535.avi
Ouvre le poing,video_1536.avi
Ouvre le poing,video_1537.avi
Ouvre le poing,video_1538.avi
Clap,video_1539.avi
Clap,video_1540.avi
Clap,video_1541.avi
Clap,video_1542.avi
Clap,video_1543.avi
Clap,video_1544.avi
Clap,video_1545.avi
Clap,video_1546.avi
Clap,video_1547.avi
Clap,video_1548.avi
Clap,video_1549.avi
Clap,video_1550.avi
Clap,video_1551.avi
Clap,video_1552.avi
Clap,video_1553.avi
Clap,video_1554.avi
Swipe gauche main droite,video_1555.avi
Swipe gauche main droite,video_1556.avi
Swipe gauche main droite,video_1557.avi
Swipe gauche main droite,video_1558.avi
Swipe gauche main droite,video_1559.avi
Swipe gauche main droite,video_1560.avi
Swipe gauche main droite,video_1561.avi
Swipe gauche main droite,video_1562.avi
Swipe gauche main droite,video_1563.avi
Swipe gauche main droite,video_1564.avi
Swipe gauche main droite,video_1565.avi
Swipe gauche main droite,video_1566.avi
Swipe gauche main droite,video_1567.avi
Swipe gauche main droite,video_1568.avi
Swipe gauche main droite,video_1569.avi
Swipe gauche main droite,video_1570.avi

Swipe droit main gauche,video_1571.avi
Swipe droit main gauche,video_1572.avi
Swipe droit main gauche,video_1573.avi
Swipe droit main gauche,video_1574.avi
Swipe droit main gauche,video_1575.avi
Swipe droit main gauche,video_1576.avi
Swipe droit main gauche,video_1577.avi
Swipe droit main gauche,video_1578.avi
Swipe droit main gauche,video_1579.avi
Swipe droit main gauche,video_1580.avi
Swipe droit main gauche,video_1581.avi
Swipe droit main gauche,video_1582.avi
Swipe droit main gauche,video_1583.avi
Swipe droit main gauche,video_1584.avi
Swipe droit main gauche,video_1585.avi
Swipe droit main gauche,video_1586.avi
Doigts croises paumes,video_1587.avi
Doigts croises paumes,video_1588.avi
Doigts croises paumes,video_1589.avi
Doigts croises paumes,video_1590.avi
Doigts croises paumes,video_1591.avi
Doigts croises paumes,video_1592.avi
Doigts croises paumes,video_1593.avi
Doigts croises paumes,video_1594.avi
Doigts croises paumes,video_1595.avi
Doigts croises paumes,video_1596.avi
Doigts croises paumes,video_1597.avi
Doigts croises paumes,video_1598.avi
Doigts croises paumes,video_1599.avi
Doigts croises paumes,video_1600.avi
Doigts croises paumes,video_1601.avi
Doigts croises paumes,video_1602.avi
Explosion avec les doigts ouverts,video_1603.avi
Explosion avec les doigts ouverts,video_1604.avi
Explosion avec les doigts ouverts,video_1605.avi
Explosion avec les doigts ouverts,video_1606.avi
Explosion avec les doigts ouverts,video_1607.avi
Explosion avec les doigts ouverts,video_1608.avi
Explosion avec les doigts ouverts,video_1609.avi
Explosion avec les doigts ouverts,video_1610.avi
Explosion avec les doigts ouverts,video_1611.avi
Explosion avec les doigts ouverts,video_1612.avi
Explosion avec les doigts ouverts,video_1613.avi
Explosion avec les doigts ouverts,video_1614.avi
Explosion avec les doigts ouverts,video_1615.avi
Explosion avec les doigts ouverts,video_1616.avi
Explosion avec les doigts ouverts,video_1617.avi
Explosion avec les doigts ouverts,video_1618.avi

Ouvrir un livre avec le poing ferme main D,video_1619.avi
Ouvrir un livre avec le poing ferme main D,video_1620.avi
Ouvrir un livre avec le poing ferme main D,video_1621.avi
Ouvrir un livre avec le poing ferme main D,video_1622.avi
Ouvrir un livre avec le poing ferme main D,video_1623.avi
Ouvrir un livre avec le poing ferme main D,video_1624.avi
Ouvrir un livre avec le poing ferme main D,video_1625.avi
Ouvrir un livre avec le poing ferme main D,video_1626.avi
Ouvrir un livre avec le poing ferme main D,video_1627.avi
Ouvrir un livre avec le poing ferme main D,video_1628.avi
Ouvrir un livre avec le poing ferme main D,video_1629.avi
Ouvrir un livre avec le poing ferme main D,video_1630.avi
Ouvrir un livre avec le poing ferme main D,video_1631.avi
Ouvrir un livre avec le poing ferme main D,video_1632.avi
Ouvrir un livre avec le poing ferme main D,video_1633.avi
Ouvrir un livre avec le poing ferme main D,video_1634.avi
Ouvrir un livre avec le poing ferme main G,video_1635.avi
Ouvrir un livre avec le poing ferme main G,video_1636.avi
Ouvrir un livre avec le poing ferme main G,video_1637.avi
Ouvrir un livre avec le poing ferme main G,video_1638.avi
Ouvrir un livre avec le poing ferme main G,video_1639.avi
Ouvrir un livre avec le poing ferme main G,video_1640.avi
Ouvrir un livre avec le poing ferme main G,video_1641.avi
Ouvrir un livre avec le poing ferme main G,video_1642.avi
Ouvrir un livre avec le poing ferme main G,video_1643.avi
Ouvrir un livre avec le poing ferme main G,video_1644.avi
Ouvrir un livre avec le poing ferme main G,video_1645.avi
Ouvrir un livre avec le poing ferme main G,video_1646.avi
Ouvrir un livre avec le poing ferme main G,video_1647.avi
Ouvrir un livre avec le poing ferme main G,video_1648.avi
Ouvrir un livre avec le poing ferme main G,video_1649.avi
Ouvrir un livre avec le poing ferme main G,video_1650.avi
Faire coucou,video_1651.avi
Faire coucou,video_1652.avi
Faire coucou,video_1653.avi
Faire coucou,video_1654.avi
Faire coucou,video_1655.avi
Faire coucou,video_1656.avi
Faire coucou,video_1657.avi
Faire coucou,video_1658.avi
Faire coucou,video_1659.avi
Faire coucou,video_1660.avi
Faire coucou,video_1661.avi
Faire coucou,video_1662.avi
Faire coucou,video_1663.avi
Faire coucou,video_1664.avi
Faire coucou,video_1665.avi
Faire coucou,video_1666.avi
